42;Issuer Identification Number (IIN);The number that identifies the major industry and the card issuer and that forms the first part of the Primary Account Number (PAN);Card;n 6;'BF0C' or '73';3;3;primitive;
4F;Application Identifier (ADF Name);The ADF Name identifies the application as described in [ISO 7816-5]. The AID is made up of the Registered Application Provider Identifier (RID) and the Proprietary Identifier Extension (PIX).;Card;binary 40-128;'61';5;16;primitive;
50;Application Label;Mnemonic associated with the AID according to ISO/IEC 7816-5;Card;ans with the special character limited to space;'61' or 'A5';1;16;primitive;
50;Application Label;Mnemonic associated with AID according to [ISO 7816-5]. Used in application selection. Application Label is optional in the File Control Information (FCI) of an Application Definition File (ADF) and optional in an ADF directory entry.;Card;ans 1-16 (special characters limited to spaces);;1;16;primitive;
50;Application Label;Mnemonic associated with the AID according to ISO/IEC 7816-5 (with the special character limited to space).;Card;ans 1-16 (special characters limited to spaces);;1;16;primitive;
52;Command to perform;;Card;H;;;;;
56;Track 1 Data;Track 1 Data contains the data objects of the track 1 according to [ISO/IEC 7813] Structure B, excluding start sentinel, end sentinel and LRC. The Track 1 Data may be present in the file read using the READ RECORD command during a mag-stripe mode transaction.;;ans;;0;76;constructed;
57;Track 2 Equivalent Data;Contains the data objects of the track 2, in accordance with [ISO/IEC 7813], excluding start sentinel, end sentinel, and LRC.;Card;binary;'70' or '77';0;19;primitive;
57;Track 2 Equivalent Data;Contains the data elements of track 2 according to ISO/IEC 7813, excluding start sentinel, end sentinel, and Longitudinal Redundancy Check (LRC), as follows:;Card;binary;'70' or '77';0;19;primitive;
;;Primary Account Number;;;;;;;
;;Field Separator (Hex 'D');;;;;;;
;;Expiration Date (YYMM);;;;;;;
;;Service Code;;;;;;;
;;Discretionary Data (defined by individual payment systems);;;;;;;
;;Pad with one Hex 'F' if needed to ensure whole bytes;;;;;;;
57;Track 2 Equivalent Data;Contains the data elements of track 2 according to ISO/IEC 7813, excluding start sentinel, end sentinel, and Longitudinal Redundancy Check (LRC), as follows:;Card;binary;'70' or '77';0;19;primitive;
;;Primary Account Number;;;;;;;
;;Field Separator (Hex 'D');;;;;;;
;;Expiration Date (YYMM);;;;;;;
;;Service Code;;;;;;;
;;Discretionary Data (defined by individual payment systems);;;;;;;
;;Pad with one Hex 'F' if needed to ensure whole bytes;;;;;;;
57;Track 2 Equivalent Data;Image of magnetic stripe Track 2. (For Kernel 4, Track 2 Equivalent Data may not be an exact image of magnetic stripe Track 2.);Card;cn;'70' or '77';0;19;primitive;
57;Track 2 Equivalent Data;Contains the data elements of track 2 according to ISO/IEC 7813, excluding start sentinel, end sentinel, and Longitudinal Redundancy Check (LRC).;Card;binary;'70' or '77';19;19;primitive;
5A;Application Primary Account Number (PAN);Valid cardholder account number;Card;cn variable up to 19;'70' or '77';0;10;primitive;
5A;Application Primary Account Number (PAN);Cardholder account number. READ RECORD For transactions where Offline Data Authentication is performed, the Application PAN is returned. For transactions where Offline Data Authentication is not performed, the Application PAN does not need to be returned.;Card;cn variable up to 19;'70' or '77';0;10;primitive;
5A;Application Primary Account Number (PAN);Card Number. The Primary Account Number must be maintained as the same value for both the Kernel 4 mag-stripe mode and the EMV mode.;Card;cn variable up to 19;'70' or '77';var. up to 10;var. up to 10;primitive;
5A;Application Primary Account Number (PAN);Valid cardholder account number;Card;cn variable up to 19;'70' or '77';var. up to 10;var. up to 10;primitive;
5D;Deleted (see 9D);;Terminal;H;;;;;
5F20;Cardholder Name;Indicates cardholder name according to ISO 7813;Card;ans 2-26;'70' or '77';2;26;primitive;
5F20;Cardholder Name;Indicates cardholder name according to ISO 7813;Card;ans 2-26;'70' or '77';2;26;primitive;
5F20;Cardholder Name;Indicates cardholder name according to ISO 7813;Card;ans 2-26;'70' or '77';2;26;primitive;
5F20;Cardholder Name;Indicates cardholder name according to ISO 7813;Card;ans 2-26;'70' or '77';2;26;primitive;
5F24;Application Expiration Date;Date after which application expires. The date is expressed in the YYMMDD format. For MasterCard applications, if the value of YY ranges from '00' to '49' the date reads 20YYMMDD. If the value of YY ranges from '50' to '99' the date reads 19YYMMDD.;Card;n 6 (YYMMDD);'70' or '77';3;3;primitive;
5F24;Application Expiration Date;Date after which the card application expires. For transactions where Offline Data Authentication is performed, the Application Expiration Date is returned. For transactions where Offline Data Authentication is not performed, the Application Expiration Date does not need to be returned.;Card;n 6 (YYMMDD);'70' or '77';3;3;primitive;
5F24;Application Expiration Date;Date after which the card application expires.;Card;n 6 (YYMMDD);'70' or '77';3;3;primitive;
5F24;Application Expiration Date;Date after which application expires. It shall be present for EMV Mode and Legacy Mode.;Card;n 6 (YYMMDD);'70' or '77';3;3;primitive;
5F25;Application Effective Date;Date from which the application may be used. The date is expressed in the YYMMDD format. For MasterCard branded applications if the value of YY ranges from '00' to '49' the date reads 20YYMMDD. If the value of YY ranges from '50' to '99', the date reads 19YYMMDD.;Card;n 6 (YYMMDD);'70' or '77';3;3;primitive;
5F25;Application Effective Date;Date from which the application may be used. The date is expressed in the YYMMDD format.;Card;n 6 (YYMMDD);'70' or '77';3;3;primitive;
5F25;Application Effective Date;Date from which the application may be used. The date is expressed in the YYMMDD format.;Card;n 6 (YYMMDD);'70' or '77';3;3;primitive;
5F28;Issuer Country Code;Indicates the country of the issuer according to ISO 3166-1;Card;n 3;'70' or '77';2;2;primitive;
5F28;Issuer Country Code;Indicates the country of the issuer according to ISO 3166-1;Card;n 3;'70' or '77';2;2;primitive;
5F28;Issuer Country Code;Indicates the country of the issuer according to ISO 3166-1;Card;n 3;'70' or '77';2;2;primitive;
5F28;Issuer Country Code;Indicates the country of the issuer according to ISO 3166-1;Card;n 3;'70' or '77';2;2;primitive;
5F2A;Transaction Currency Code;Indicates the currency code of the transaction according to ISO 4217;Terminal;n 3;;2;2;primitive;978
5F2A;Transaction Currency Code;Indicates the currency code of the transaction according to ISO 4217;Terminal;n 3;;2;2;primitive;978
5F2A;Transaction Currency Code;Indicates the currency code of the transaction according to [ISO 4217]. The implied exponent is indicated by the minor unit of currency associated with the Transaction Currency Code in [ISO 4217].;Terminal;n 3;;2;2;primitive;978
5F2A;Transaction Currency Code;Indicates the currency code of the transaction according to [ISO 4217];Terminal;n 3;;2;2;primitive;978
5F2A;Transaction Currency Code;Indicates the currency code of the transaction according to ISO 4217. Requested in CDOL1.;Configuration (POS);n 3;;2;2;primitive;978
5F2D;Language Preference;1-4 languages stored in order of preference, each represented by 2 alphabetical characters according to ISO 639;Card;an 2;'A5';2;8;primitive;
;;Note: EMVCo strongly recommends that cards be personalised with data element '5F2D' coded in lowercase, but that terminals accept the data element whether it is coded in upper or lower case.;;;;;;;
5F2D;Language Preference;1-4 languages stored in order of preference, each represented by 2 lower case alphabetical characters according to ISO 639-1.;Card;an 2;'A5';2;8;primitive;
5F2D;Language Preference;1-4 languages stored in order of preference, each represented by 2 lower case alphabetical characters according to ISO 639-1.;Card;an 2;'A5';2;8;primitive;
5F30;Service Code;Service code as defined in ISO/IEC 7813 for Track 1 and Track 2;Card;n 3;'70' or '77';2;2;primitive;
5F30;Service Code;Contains the Service Code elements.;Card;n 3;'70' or '77';2;2;primitive;
5F34;Application Primary Account Number (PAN) Sequence Number (PSN);Identifies and differentiates cards with the same Application PAN;Card;n 2;'70' or '77';1;1;primitive;
5F34;Application Primary Account Number (PAN) Sequence Number (PSN);Identifies and differentiates cards with the same PAN;Card;n 2;'70' or '77';1;1;primitive;
5F34;Application Primary Account Number (PAN) Sequence Number (PSN);Identifies and differentiates cards with the same PAN;Card;n 2;'70' or '77';1;1;primitive;
5F34;Application Primary Account Number (PAN) Sequence Number (PSN);Identifies and differentiates cards (applications) with the same PAN;Card;n 2;'70' or '77';1;1;primitive;
5F34;Application Primary Account Number (PAN) Sequence Number (PSN);Identifies and differentiates cards (applications) with the same PAN;Card;n 2;'70' or '77';1;1;primitive;
5F36;Transaction Currency Exponent;Identifies the decimal point position from the right of the transaction amount accordin to ISO 4217;Terminal;n 1;;1;1;primitive;
5F36;Transaction Currency Exponent;Indicates the implied position of the decimal point from the right of the transaction amount represented according to ISO 4217. Required to determine if Status Check is requested.;Configuration (POS);n 1;;1;1;primitive;
5F3C;Transaction Reference Currency Code;Identifies the common currency used by the terminal;Terminal;binary 2;;1;1;;
5F3D;Transaction Reference Currency Exponent;Identifies the decimal point position from the right of the terminal common currency;Terminal;n 1;;1;1;;
5F50;Issuer URL;The URL provides the location of the Issuer's Library Server on the Internet.;Card;ans;'BF0C' or '73';var.;var.;primitive;
5F53;International Bank Account Number (IBAN);Uniquely identifies the account of a customer at a financial institution as defined in ISO 13616.;Card;variable;'BF0C' or '73';0;34;primitive;
5F54;Bank Identifier Code (BIC);Uniquely identifies a bank as defined in ISO 9362.;Card;variable;'BF0C' or '73';8 or 11;8 or 11;primitive;
5F55;Issuer Country Code (alpha2 format);Indicates the country of the issuer as defined in ISO 3166 (using a 2 character alphabetic code);Card;a 2;'BF0C' or '73';2;2;primitive;
5F56;Issuer Country Code (alpha3 format);Indicates the country of the issuer as defined in ISO 3166 (using a 3 character alphabetic code);Card;a 3;'BF0C' or '73';3;3;primitive;
5F57;Account Type;Indicates the type of account selected on the terminal, coded as specified in Annex G;Terminal;n 2;;1;1;;
61;Application Template;Template containing one or more data objects relevant to an application directory entry according to [ISO 7816-5].;Card;binary;'70';var. up to 252;var. up to 252;constructed;
61;Directory Entry;Contains one or more data objects relevant to an application directory entry according to [ISO 7816-5].;Card;variable;;var.;var.;;
62;File Control Parameters (FCP) Template;Identifies the FCP template according to ISO/IEC 7816-4;Card;variable;;var. up to 252;var. up to 252;constructed;
6F;File Control Information (FCI) Template;Identifies the FCI template according to ISO/IEC 7816-4;Card;variable;;0;252;constructed;
6F;File Control Information (FCI) Template;Identifies the FCI template according to ISO/IEC 7816-4;Card;variable;;0;252;constructed;
6F;File Control Information (FCI) Template;Identifies the FCI template according to ISO/IEC 7816-4;Card;variable;;0;252;constructed;
70;READ RECORD Response Message Template;Template containing the data objects returned by the Card in response to a READ RECORD command. Contains the contents of the record read. (Mandatory for SFIs 1-10. Response messages for SFIs 11-30 are outside the scope of EMV, but may use template '70');Card;variable;;0;255;constructed;
70;READ RECORD Response Message Template;Contains the contents of the record read. (Mandatory for SFIs 1-10. Response messages for SFIs 11-30 are outside the scope of EMV, but may use template '70');Card;variable;;var. up to 252;var. up to 252;constructed;
71;Issuer Script Template 1;Contains proprietary issuer data for transmission to the ICC before the second GENERATE AC command;Issuer;binary;;var.;var.;constructed;
71;Issuer Script Template 1;Contains proprietary issuer data for transmission to the ICC before the second GENERATE AC command;Issuer;binary;;var. up to 128;var. up to 128;constructed;
72;Issuer Script Template 2;Contains proprietary issuer data for transmission to the ICC after the second GENERATE AC command;Issuer;binary;;var.;var.;constructed;
72;Issuer Script Template 2;Contains proprietary issuer data for transmission to the ICC after the second GENERATE AC command;Issuer;binary;;var. up to 128;var. up to 128;constructed;
73;Directory Discretionary Template;Issuer discretionary part of the directory according to ISO/IEC 7816-5;Card;variable;'61';0;252;constructed;
77;Response Message Template Format 2;Contains the data objects (with tags and lengths) returned by the ICC in response to a command;Card;variable;;var.;var.;constructed;
77;Response Message Template Format 2;Contains the data objects (with tags and lengths) returned by the card in response to a command.;Card;variable;;var.;var.;constructed;
77;Response Message Template Format 2;Contains the data objects (with tags and lengths) returned by the ICC in response to a command;Card;variable;;var.;var.;constructed;
80;Response Message Template Format 1;Contains the data objects (without tags and lengths) returned by the ICC in response to a command;Card;variable;;var.;var.;primitive;
80;Response Message Template Format 1;Contains the data objects (without tags and lengths) returned by the card in response to a command.;Card;variable;;var.;var.;primitive;
80;Response Message Template Format 1;Contains the data objects (without tags and lengths) returned by the ICC in response to a command;Card;variable;;var.;var.;primitive;
81;Amount, Authorised (Binary);Authorised amount of the transaction (excluding adjustments);Terminal;binary;;4;4;primitive;10000
82;Application Interchange Profile (AIP);Indicates the capabilities of the card to support specific functions in the application;Card;binary;'77' or '80';2;2;primitive;
82;Application Interchange Profile (AIP);Indicates the capabilities of the card to support specific functions in the application;Card;binary;'77' or '80';2;2;primitive;
82;Application Interchange Profile (AIP);Indicates the capabilities of the card to support specific functions in the application. Kernel 3 shall not act on AIP bit settings that are not supported for Kernel 3 or that are Reserved for Future Use (RFU).;Card;binary 16;'77' or '80';2;2;primitive;
82;Application Interchange Profile (AIP);Indicates the capabilities of the card to support specific functions in the application.;Card;binary 16;'77' or '80';2;2;primitive;
82;Application Interchange Profile (AIP);Indicates the capabilities of the card to support specific functions in the application.;Card;binary;'77' or '80';2;2;primitive;
83;Command Template;Identifies the data field of a command message;Terminal;binary;;var.;var.;primitive;
84;Dedicated File (DF) Name;Identifies the name of the DF as described in ISO/IEC 7816-4;Card;binary;'6F';5;16;primitive;
84;Dedicated File (DF) Name;Identifies the name of the DF as described in ISO/IEC 7816-4;Card;binary 40-128;;5;16;primitive;
84;Dedicated File (DF) Name;Identifies the name of the DF as described in ISO/IEC 7816-4;Card;binary;;5;16;primitive;
86;Issuer Script Command;Contains a command for transmission to the ICC;Issuer;binary;'71' or '72';var. up to 125;var. up to 125;primitive;
87;Application Priority Indicator;Indicates the priority of a given application or group of applications in a directory;Card;binary;'61' or 'A5';1;1;primitive;
87;Application Priority Indicator;Indicates the priority of a given application or group of applications in a directory;Card;binary 8;'61' or 'A5';1;1;primitive;
87;Application Priority Indicator;Indicates the priority of a given application or group of applications in a directory;Card;binary 8;'61' or 'A5';1;1;primitive;
87;Application Priority Indicator;Indicates the priority of a given application or group of applications in a directory;Card;binary;'61' or 'A5';1;1;primitive;
88;Short File Identifier (SFI);Identifies the AEF referenced in commands related to a given ADF or DDF. It is a binary data object having a value in the range 1 to 30 and with the three high order bits set to zero.;Card;binary;'A5';1;1;primitive;
88;Short File Identifier (SFI);Identifies the SFI to be used in the commands related to a given AEF.;Card;binary 8;'A5';1;1;primitive;
89;Authorisation Code;Nonzero value generated by the issuer for an approved transaction.;Issuer;ans 6 (special characters limited to spaces);;6;6;primitive;
89;Authorisation Code;Non-zero value generated by the Authorisation Systems for an approved transaction.;Issuer;an 6;;6;6;primitive;
8A;Authorisation Response Code (ARC);Indicates the transaction disposition of the transaction received from the issuer for online authorisations.;Issuer/Terminal;an 2;;2;2;primitive;
8A;Authorisation Response Code (ARC);Data element generated by the Issuer Host System or the Reader indicating the disposition of the transaction.;Issuer/Terminal;an 2;;2;2;primitive;
8A;Authorisation Response Code (ARC);Code that defines the disposition of a message. ARC must be present if the Kernel is restarted after an Online Request Outcome.;Issuer;an 2;;2;2;primitive;
8C;Card Risk Management Data Object List 1 (CDOL1);List of data objects (tag and length) to be passed to the ICC in the first GENERATE AC command;Card;binary;'70' or '77';0;252;primitive;
8C;Card Risk Management Data Object List 1 (CDOL1);List of data objects (tag and length) to be passed to the ICC in the first GENERATE AC command;Card;binary;'70' or '77';var. up to 64;var. up to 64;primitive;
8C;Card Risk Management Data Object List 1 (CDOL1);List of data objects (tag and length) to be passed to the ICC in the first GENERATE AC command;Card;binary;'70' or '77';var. up to 252;var. up to 252;primitive;
8D;Card Risk Management Data Object List 2 (CDOL2);List of data objects (tag and length) to be passed to the ICC in the second GENERATE AC command;Card;binary;'70' or '77';var. up to 64;var. up to 64;primitive;
8D;Card Risk Management Data Object List 2 (CDOL2);List of data objects (tag and length) to be passed to the ICC in the second GENERATE AC command;Card;binary;'70' or '77';var. up to 252;var. up to 252;primitive;
8E;Cardholder Verification Method (CVM) List;Identifies a method of verification of the cardholder supported by the application;Card;binary;'70' or '77';10;252;primitive;
8E;Cardholder Verification Method (CVM) List;Identifies a prioritised list of methods of verification of the cardholder supported by the card application.;Card;binary;'70' or '77';var. up to 32;var. up to 32;primitive;
8E;Cardholder Verification Method (CVM) List;Identifies a prioritised list of methods of verification of the cardholder supported by the card application.;Card;binary;'70' or '77';var. up to 252;var. up to 252;primitive;
8F;Certification Authority Public Key Index (PKI);Identifies the certification authority's public key in conjunction with the RID;Card;binary;'70' or '77';1;1;primitive;
8F;Certification Authority Public Key Index (PKI);Identifies the Certificate Authority's public key in conjunction with the RID for use in offline data authentication.;Card;binary 8;;1;1;primitive;
8F;Certification Authority Public Key Index (PKI);Identifies the Certificate Authority's public key in conjunction with the RID for use in static data authentication.;Card;binary 8;;1;1;primitive;
8F;Certification Authority Public Key Index (PKI);Identifies the certification authority's public key in conjunction with the RID. Required for EMV Mode.;Card;binary;;1;1;primitive;
90;Issuer Public Key Certificate;Issuer public key certified by a certification authority;Card;binary;'70' or '77';var. (NCA);var. (NCA);primitive;
90;Issuer Public Key Certificate;Issuer's public key certified by a certificate authority for use in offline data authentication.;Card;binary;'70' or '77';var. (NCA);var. (NCA);primitive;
90;Issuer Public Key Certificate;Issuer's public key certified by a certificate authority for use in static data authentication.;Card;binary 512-1984;'70' or '77';var. 64-248;var. 64-248;primitive;
90;Issuer Public Key Certificate;Issuer public key certified by a certification authority;Card;binary;'70' or '77';var. (NCA);var. (NCA);primitive;
91;Issuer Authentication Data;Data sent to the ICC for online Issuer Authentication;Issuer;binary 64-128;;8;16;primitive;
91;Issuer Authentication Data;Issuer data transmitted to card for online Issuer authentication.;Issuer;binary 64-128;;var. up to 16;var. up to 16;primitive;
91;Issuer Authentication Data;Data sent to the ICC for online Issuer Authentication;Issuer;binary;;8;16;primitive;
92;Issuer Public Key Remainder;Remaining digits of the Issuer Public Key Modulus;Card;binary;'70' or '77';var. (NI - NCA + 36);var. (NI - NCA + 36);primitive;
92;Issuer Public Key Remainder;Portion of the Issuer Public Key Modulus which does not fit into the Issuer PK Certificate.;Card;binary;'70' or '77';var. (NI - NCA + 36);var. (NI - NCA + 36);primitive;
92;Issuer Public Key Remainder;Remaining digits of the Issuer's public key to be hashed.;Card;binary;'70' or '77';var.;var.;primitive;
92;Issuer Public Key Remainder;Remaining digits of the Issuer Public Key Modulus;Card;binary;'70' or '77';var. (NI - NCA + 36);var. (NI - NCA + 36);primitive;
93;Signed Application Data;Digital signature on critical application parameters that is used in static data authentication (SDA).;Card;binary 512-1984;'70' or '77';64;248;primitive;
94;Application File Locator (AFL);Indicates the location (SFI range of records) of the Application Elementary Files associated with a particular AID, and read by the Kernel during a transaction.;Card;"binary, var.; multiple of 4 between 4 and 252";'77' or '80';4;252;primitive;
94;Application File Locator (AFL);Indicates the location (SFI, range of records) of the AEFs related to a given application.;Card;binary;'77' or '80';4;252;primitive;
94;Application File Locator (AFL);Indicates the location (SFI, range of records) of the AEFs related to a given application.;Card;variable;'77' or '80';var. up to 64;var. up to 64;primitive;
94;Application File Locator (AFL);Indicates the location (SFI, range of records) of the AEFs related to a given application.;Card;variable;'77' or '80';var. up to 252;var. up to 252;primitive;
95;Terminal Verification Results (TVR);Status of the different functions as seen from the terminal;Terminal;;;6;6;;Always '00 00 00 00 00'
95;Terminal Verification Results (TVR);Status of the different functions from the Terminal perspective. The Terminal Verification Results is coded according to Annex C.5 of [EMV Book 3].;Terminal;binary;;5;5;primitive;
95;Terminal Verification Results (TVR);Status of the different functions as seen from the reader/terminal. For EMV mode transactions, all of the TVR bits sent online to the acquirer shall be set to 0b.;Terminal;binary 40;;5;5;;
95;Terminal Verification Results (TVR);Status of the different functions as seen from the terminal.;Terminal;binary 40;;5;5;;
95;Terminal Verification Results (TVR);Status of the different functions as seen from the terminal.;Kernel 5;binary;;5;5;;
97;Transaction Certificate Data Object List (TDOL);List of data objects (tag and length) to be used by the terminal in generating the TC Hash Value;Card;binary;'70' or '77';0;252;primitive;
98;Transaction Certificate (TC) Hash Value;Result of a hash function specified in Book 2, Annex B3.1;Terminal;binary;;20;20;primitive;
99;Transaction Personal Identification Number (PIN) Data;Data entered by the cardholder for the purpose of the PIN verification;Terminal;binary;;var.;var.;primitive;
9A;Transaction Date;Local date that the transaction was authorised;Terminal;n 6 (YYMMDD);;3;3;primitive;
9A;Transaction Date;Local date that the transaction was performed.;Terminal;n 6 (YYMMDD);;3;3;primitive;
9A;Transaction Date;Local date that the transaction was authorised;Terminal;n 6 (YYMMDD);;3;3;primitive;
9A;Transaction Date;Local date that the transaction was authorised;Terminal;n 6 (YYMMDD);;3;3;primitive;
9A;Transaction Date;Local date that the transaction was authorised. Requested in CDOL1.;POS;n 6 (YYMMDD);;3;3;primitive;
9B;Transaction Status Information;Indicates the functions performed in a transaction;Terminal;binary;;2;2;primitive;
9C;Transaction Type;Indicates the type of financial transaction, represented by the first two digits of the ISO 8583:1987 Processing Code. The actual values to be used for the Transaction Type data element are defined by the relevant payment system;Terminal;n 2;;1;1;primitive;Always '00'
9C;Transaction Type;Indicates the type of financial transaction, represented by the first two digits of the ISO 8583:1993 Processing Code. The actual values to be used for the Transaction Type data element are defined by the relevant payment system.;Terminal;n 2;;1;1;primitive;
9C;Transaction Type;Indicates the type of transaction, represented by the values of the first two digits of Processing Code as defined by the payment system.;Terminal;n 2;;1;1;primitive;
9C;Transaction Type;Indicates the type of transaction, represented by the values of the first two digits of Processing Code as defined by the payment system.;Terminal/Reader;n 2;;1;1;primitive;
9C;Transaction Type;Indicates the type of financial transaction, represented by the first two digits of the ISO 8583:1987 Processing Code. Requested in CDOL1. Possible values are:;POS;n 2;;1;1;primitive;
;;- '00' for a purchase transaction;;;;;;;
;;- '01' for a cash advance transaction;;;;;;;
;;- '09' for a purchase with cashback;;;;;;;
;;- '20' for a refund transaction;;;;;;;
9D;Directory Definition File (DDF) Name;Identifies the name of a DF associated with a directory;Card;binary;'61';5;16;primitive;
9F01;Acquirer Identifier;Uniquely identifies the acquirer within each payment system;Terminal;n 6-11;;6;11;primitive;
9F01;Acquirer Identifier;Uniquely identifies the acquirer within each payment system;Terminal;n 6-11;;6;6;primitive;
9F02;Amount, Authorised (Numeric);Authorised amount of the transaction (excluding adjustments);Terminal;n 12;;6;6;primitive;10000
9F02;Amount, Authorised (Numeric);Authorised amount of the transaction (excluding adjustments). This amount is expressed with implicit decimal point corresponding to the minor unit of currency as defined by [ISO 4217] (for example the six bytes '00 00 00 00 01 23' represent USD 1.23 when the currency code is '840'). If the initial transaction amount needs to be replaced with a revised transaction amount, the Terminal must provide it before the chokepoint.;Terminal;n 12;;6;6;primitive;10000
9F02;Amount, Authorised (Numeric);Authorised amount of the transaction (including Amount, Other and excluding adjustments).;Terminal;n 12;;6;6;primitive;10000
9F02;Amount, Authorised (Numeric);Authorised amount of the transaction (excluding adjustments).;Terminal;n 12;;6;6;primitive;10000
9F02;Amount, Authorised (Numeric);Authorised amount of the transaction. Requested in CDOL1.;Terminal;n 12;;6;6;primitive;10000
9F03;Amount, Other (Numeric);Secondary amount associated with the transaction representing a cashback amount;Terminal;n 12;;6;6;primitive;Always '00 00 00 00 00 00'
9F03;Amount, Other (Numeric);Secondary amount associated with the transaction representing a cash back amount. This amount is expressed with implicit decimal point corresponding to the minor unit of currency as defined by [ISO 4217] (for example the 6 bytes '00 00 00 00 01 23' represent GBP 1.23 when the currency code is '826').;Terminal;n 12;;6;6;primitive;
9F03;Amount, Other (Numeric);Secondary amount associated with the transaction representing a cashback amount.;Terminal;n 12;;6;6;primitive;
9F03;Amount, Other (Numeric);Secondary amount associated with the transaction representing a cashback amount.;Terminal;n 12;;6;6;primitive;
9F03;Amount, Other (Numeric);Secondary amount associated with the transaction representing a cashback amount. Requested in CDOL1.;Terminal;n 12;;6;6;primitive;
9F04;Amount, Other (Binary);Secondary amount associated with the transaction representing a cashback amount;Terminal;binary;;4;4;primitive;
9F05;Application Discretionary Data;Issuer or payment system specified data relating to the application;Card;binary;'70' or '77';1;32;primitive;
9F06;Application Identifier (AID) - terminal;Identifies the application as described in ISO/IEC 7816-5;Terminal;binary;;5;16;primitive;
9F06;Application Identifier (AID);Identifies the application as described in ISO/IEC 7816-5;Terminal;binary 40-128;;5;16;primitive;
9F07;Application Usage Control (AUC);Indicates issuer's specified restrictions on the geographic usage and services allowed for the application;Card;binary;'70' or '77';2;2;primitive;
9F07;Application Usage Control (AUC);Indicates issuer's specified restrictions on the geographic usage and services allowed for the card application.;Card;binary 16;;2;2;primitive;
9F07;Application Usage Control (AUC);Indicates issuer's specified restrictions on the geographic usage and services allowed for the card application.;Card;binary 16;;2;2;primitive;
9F07;Application Usage Control (AUC);Indicates issuer's specified restrictions on the geographic usage and services allowed for the card application.;Card;binary;;2;2;primitive;
9F08;Application Version Number;Version number assigned by the payment system for the application in the Card;Card;binary;'70' or '77';2;2;primitive;
9F08;Application Version Number;Version number assigned by the Issuer for the application in the Card;Card;binary 16;'70' or '77';2;2;primitive;
9F09;Application Version Number;Version number assigned by the payment system for the Kernel application;Terminal;binary;;2;2;primitive;
9F0B;Cardholder Name Extended;Indicates the whole cardholder name when greater than 26 characters using the same coding convention as in ISO 7813;Card;ans 27-45;'70' or '77';27;45;primitive;
9F0D;Issuer Action Code - Default;Specifies the issuer's conditions that cause a transaction to be rejected if it might have been approved online, but the terminal is unable to process the transaction online;Card;binary;'70' or '77';5;5;primitive;
9F0D;Issuer Action Code - Default;Specifies conditions that cause a transaction to be declined if it might have been approved online, but the Reader is unable to process the transaction online.;Card;binary 40;'70' or '77';5;5;primitive;
9F0D;Issuer Action Code - Default;Specifies the issuer's conditions that cause a transaction to be rejected if it might have been approved online, but the terminal is unable to process the transaction online;Card;binary;'70' or '77';5;5;primitive;
9F0E;Issuer Action Code - Denial;Specifies the issuer's conditions that cause the denial of a transaction without attempt to go online;Card;binary;'70' or '77';5;5;primitive;
9F0E;Issuer Action Code - Denial;Specifies conditions that cause the decline of a transaction without attempting to go online.;Card;binary 40;'70' or '77';5;5;primitive;
9F0E;Issuer Action Code - Denial;Specifies the issuer's conditions that cause the denial of a transaction without attempt to go online;Card;binary;'70' or '77';5;5;primitive;
9F0F;Issuer Action Code - Online;Specifies the issuer's conditions that cause a transaction to be transmitted online;Card;binary;'70' or '77';5;5;primitive;
9F0F;Issuer Action Code - Online;Specifies conditions that cause a transaction to be transmitted online.;Card;binary 40;'70' or '77';5;5;primitive;
9F0F;Issuer Action Code - Online;Specifies the issuer's conditions that cause a transaction to be transmitted online;Card;binary;'70' or '77';5;5;primitive;
9F10;Issuer Application Data (IAD);Contains proprietary application data for transmission to the issuer in an online transaction. ;Card;binary;'77' or '80';0;32;primitive;
;;Note: For CCD-compliant applications, Annex C, section C7 defines the specific coding of the Issuer Application Data (IAD). To avoid potential conflicts with CCD-compliant applications, it is strongly recommended that the IAD data element in an application that is not CCD-compliant should not use the coding for a CCD-compliant application.;;;;;;;
9F10;Issuer Application Data (IAD);Contains proprietary application data for transmission to the issuer in an online transaction. ;Card;binary;'77' or '80';0;32;primitive;
;;Note: For CCD-compliant applications, Annex C, section C7 defines the specific coding of the Issuer Application Data (IAD). To avoid potential conflicts with CCD-compliant applications, it is strongly recommended that the IAD data element in an application that is not CCD-compliant should not use the coding for a CCD-compliant application.;;;;;;;
9F10;Issuer Application Data (IAD);Contains proprietary application data for transmission to the Issuer in an online transaction.;Card;binary;'77' or '80';0;32;primitive;
9F10;Issuer Application Data (IAD);Contains proprietary application data for transmission to the Issuer in all transaction messages.;Card;binary;'77' or '80';var. 32;var. 32;primitive;
9F10;Issuer Application Data (IAD);Contains proprietary application data for transmission to the Issuer in an online transaction.;Card;binary;'77' or '80';var. up to 32;var. up to 32;primitive;
9F11;Issuer Code Table Index;Indicates the code table according to ISO/IEC 8859 for displaying the Application Preferred Name;Card;n 2;'A5';1;1;primitive;
9F11;Issuer Code Table Index;Indicates the code table according to ISO/IEC 8859 for displaying the Application Preferred Name;Card;n 2;'A5';1;1;primitive;
9F11;Issuer Code Table Index;Indicates the code table according to ISO/IEC 8859 for displaying the Application Preferred Name;Card;n 2;'A5';1;1;primitive;
9F12;Application Preferred Name;Preferred mnemonic associated with the AID;Card;ans;'61' or 'A5';1;16;primitive;
9F12;Application Preferred Name;Preferred mnemonic associated with the AID;Card;ans 1-16;'61' or 'A5';1;16;primitive;
9F12;Application Preferred Name;Preferred mnemonic associated with the AID;Card;ans 1-16;'61' or 'A5';1;16;primitive;
9F13;Last Online Application Transaction Counter (ATC) Register;ATC value of the last transaction that went online;Card;binary;;2;2;primitive;
9F14;Lower Consecutive Offline Limit;Issuer-specified preference for the maximum number of consecutive offline transactions for this ICC application allowed in a terminal with online capability;Card;binary;'70' or '77';1;1;primitive;
9F15;Merchant Category Code;Classifies the type of business being done by the merchant, represented according to ISO 8583:1993 for Card Acceptor Business Code;Terminal;n 4;;2;2;primitive;
9F15;Merchant Category Code;Classifies the type of business being done by the merchant, represented according to ISO 8583:1993 for Card Acceptor Business Code;Configuration (POS);n 4;;2;2;primitive;
9F16;Merchant Identifier;When concatenated with the Acquirer Identifier, uniquely identifies a given merchant;Terminal;ans 15;;15;15;primitive;
9F17;Personal Identification Number (PIN) Try Counter;Number of PIN tries remaining;Card;binary;;1;1;primitive;
9F18;Issuer Script Identifier;May be sent in authorisation response from issuer when response contains Issuer Script. Assigned by the issuer to uniquely identify the Issuer Script.;Issuer;binary 32;'71' or '72';4;4;primitive;
9F18;Issuer Script Identifier;Identification of the Issuer Script.;Issuer;binary;'71' or '72';4;4;primitive;
9F19;Deleted (see 9F49);;;H;;;;;
9F1A;Terminal Country Code;Indicates the country of the terminal, represented according to ISO 3166;Terminal;n 3;;2;2;primitive;
9F1A;Terminal Country Code;Indicates the country of the terminal, represented according to ISO 3166-1;Terminal;n 3;;2;2;primitive;
9F1A;Terminal Country Code;Indicates the country of the terminal, represented according to ISO 3166;Terminal;n 3;;2;2;primitive;
9F1A;Terminal Country Code;Indicates the country of the terminal, represented according to ISO 3166;Terminal;n 3;;2;2;primitive;
9F1A;Terminal Country Code;Indicates the country of the terminal, represented according to ISO 3166. Requested in CDOL1.;Configuration (POS);n 3;;2;2;primitive;
9F1B;Terminal Floor Limit;Indicates the floor limit in the terminal in conjunction with the AID;Terminal;binary 32;;4;4;primitive;
9F1B;Terminal Floor Limit;Indicates the floor limit in the terminal in conjunction with the AID;Terminal;binary 32;;4;4;primitive;
9F1C;Terminal Identification;Designates the unique location of a Terminal at a merchant;Terminal;an 8;;8;8;primitive;
9F1D;Terminal Risk Management Data;Application-specific value used by the card for risk management purposes;Terminal;binary;;1;8;primitive;
9F1E;Interface Device (IFD) Serial Number;Unique and permanent serial number assigned to the IFD by the manufacturer;Terminal;an 8;;8;8;primitive;
9F1F;Track 1 Discretionary Data;Discretionary part of track 1 according to ISO/IEC 7813;Card;ans;'70' or '77';var.;var.;primitive;
9F1F;Track 1 Discretionary Data;Discretionary part of track 1 according to ISO/IEC 7813;Card;ans;'70' or '77';var.;var.;primitive;
9F1F;Track 1 Discretionary Data;Discretionary part of track 1 according to ISO/IEC 7813;Card;ans;'70' or '77';var.;var.;primitive;
9F1F;Track 1 Discretionary Data;Discretionary part of track 1 according to ISO/IEC 7813;Card;ans;'70' or '77';var.;var.;primitive;
9F20;Track 2 Discretionary Data;Discretionary part of track 2 according to ISO/IEC 7813;Card;cn;'70' or '77';var.;var.;constructed;
9F21;Transaction Time;Local time at which the transaction was performed.;Terminal;n 6 (HHMMSS);;3;3;constructed;
9F21;Transaction Time;Local time at which the transaction was authorised.;POS;n 6 (HHMMSS);;3;3;constructed;
9F22;Certification Authority Public Key Index (PKI);Identifies the Certificate Authority's public key in conjunction with the RID for use in offline static and dynamic data authentication.;Terminal;binary 8;;1;1;constructed;
9F23;Upper Consecutive Offline Limit;Issuer-specified preference for the maximum number of consecutive offline transactions for this ICC application allowed in a terminal without online capability;Card;binary;'70' or '77';1;1;constructed;
9F26;Application Cryptogram (AC);Cryptogram returned by the ICC in response of the GENERATE AC or RECOVER AC command;Card;binary;'77' or '80';8;8;constructed;
9F26;Application Cryptogram (AC);Cryptogram returned by the ICC in response of the GENERATE AC or RECOVER AC command;Card;binary;'77' or '80';8;8;constructed;
9F26;Application Cryptogram (AC);Cryptogram returned by the card in response to the GPO command.;Card;binary 64;'77' or '80';8;8;constructed;
9F26;Application Cryptogram (AC);AC computed by the card during a transaction.;Card;binary 64;'77' or '80';8;8;constructed;ARQC, AAC, TC
9F26;Application Cryptogram (AC);Cryptogram returned by the card in response of the GENERATE AC command.;Card;binary;'77' or '80';8;8;constructed;
9F27;Cryptogram Information Data (CID);Indicates the type of cryptogram and the actions to be performed by the terminal;Card;binary;'77' or '80';1;1;constructed;
9F27;Cryptogram Information Data (CID);Indicates the type of cryptogram and the actions to be performed by the Kernel. The Cryptogram Information Data is coded according to Table 14 of [EMV Book 3].;Card;binary;'77' or '80';1;1;constructed;
9F27;Cryptogram Information Data (CID);Indicates the type of cryptogram (TC, ARQC, or AAC) returned by the card and the actions to be performed by the reader.;Card;binary 8;;1;1;constructed;
9F27;Cryptogram Information Data (CID);Indicates the type of cryptogram (TC, ARQC, or AAC) returned by the card and the actions to be performed by the terminal.;Card;binary 8;;1;1;constructed;
9F27;Cryptogram Information Data (CID);Indicates the type of cryptogram and the actions to be performed by the terminal after the GENERATE AC command.;Card;binary;;1;1;constructed;
9F29;Extended Selection;The value to be appended to the ADF Name in the data field of the SELECT command, if the Extended Selection Support flag is present and set to 1. Content is payment system proprietary.;Card;binary;'61';var.;var.;;
9F2A;Kernel Identifier;Indicates the card's preference for the kernel on which the contactless application can be processed.;Card;binary;'61';1;1;;
9F2D;Integrated Circuit Card (ICC) PIN Encipherment Public Key Certificate;ICC PIN Encipherment Public Key certified by the issuer;Card;binary;'70' or '77';var. (NI);var. (NI);constructed;
9F2E;Integrated Circuit Card (ICC) PIN Encipherment Public Key Exponent;ICC PIN Encipherment Public Key Exponent used for PIN encipherment;Card;binary;'70' or '77';1 or 3;1 or 3;constructed;
9F2F;Integrated Circuit Card (ICC) PIN Encipherment Public Key Remainder;Remaining digits of the ICC PIN Encipherment Public Key Modulus;Card;binary;'70' or '77';var. (NPE - NI + 42);var. (NPE - NI + 42);constructed;
9F32;Issuer Public Key Exponent;Issuer public key exponent used for the verification of the Signed Static Application Data and the ICC Public Key Certificate;Card;binary;'70' or '77';1;3;constructed;
9F32;Issuer Public Key Exponent;Issuer public key exponent used for the verification of the Signed Static Application Data and the ICC Public Key Certificate;Card;binary;'70' or '77';1 or 3;1 or 3;constructed;
9F32;Issuer Public Key Exponent;Issuer-specified data to be used with the Issuer's public key algorithm for static data authentication.;Card;binary;'70' or '77';1 or 3;1 or 3;constructed;
9F32;Issuer Public Key Exponent;Issuer public key exponent used for the verification of the Signed Static Application Data and the ICC Public Key Certificate;Card;binary;'70' or '77';1;3;constructed;
9F33;Terminal Capabilities;Indicates the card data input, CVM, and security capabilities of the Terminal and Reader. The CVM capability (Byte 2) is instantiated with values depending on the transaction amount. The Terminal Capabilities is coded according to Annex A.2 of [EMV Book 4].;Terminal;binary;;3;3;constructed;
9F33;Terminal Capabilities;Indicates the card data input, CVM, and security capabilities of the Terminal.;Terminal;binary 24;;3;3;constructed;
9F34;Cardholder Verification Method (CVM) Results;Indicates the results of the last CVM performed;Terminal;binary;;3;3;constructed;
9F35;Terminal Type;Indicates the environment of the terminal, its communications capability, and its operational control;Terminal;n 2;;1;1;constructed;
9F35;Terminal Type;Indicates the environment of the terminal, its communications capability, and its operational control;Terminal;n 2;;1;1;constructed;
9F35;Terminal Type;Indicates the environment of the terminal, its communications capability, and its operational control;Configuration (POS);n 2;;1;1;constructed;
9F36;Application Transaction Counter (ATC);Counter maintained by the application in the ICC (incrementing the ATC is managed by the ICC);Card;binary;'77' or '80';2;2;constructed;
9F36;Application Transaction Counter (ATC);Counter maintained by the application in the ICC (incrementing the ATC is managed by the ICC);Card;binary;'77' or '80';2;2;constructed;
9F36;Application Transaction Counter (ATC);Count of the number of transactions initiated since personalisation. Maintained by the application in the card.;Card;binary 16;;2;2;constructed;
9F36;Application Transaction Counter (ATC);Counter maintained by the application in the card. Initial value is zero. It is incremented by 1 each time a transaction is performed.;Card;binary 16;;2;2;constructed;
9F36;Application Transaction Counter (ATC);Counter maintained by the application in the card (incrementing the ATC is managed by the card).;Card;binary;;2;2;constructed;
9F37;Unpredictable Number (UN);Value to provide variability and uniqueness to the generation of a cryptogram;Terminal;binary;;4;4;constructed;
9F37;Unpredictable Number (UN);Contains a Kernel challenge (random) to be used by the Card to ensure the variability and uniqueness to the generation of a cryptogram during an EMV mode transaction.;Terminal;binary;;4;4;constructed;
9F37;Unpredictable Number (UN) (Reader/Terminal);Value to provide variability and uniqueness to the generation of the application cryptogram.;Terminal;binary 32;;4;4;constructed;
9F37;Unpredictable Number (UN);Value to provide variability and uniqueness to the generation of the application cryptogram.;Terminal;binary 32;;4;4;constructed;
9F37;Unpredictable Number (UN);Value to provide variability and uniqueness to the generation of the application cryptogram. Requested in CDOL1.;POS;binary;;4;4;constructed;
9F38;Processing Options Data Object List (PDOL);Contains a list of terminal resident data objects (tags and lengths) needed by the ICC in processing the GET PROCESSING OPTIONS command;Card;binary;'A5';var.;var.;constructed;
9F38;Processing Options Data Object List (PDOL);List of terminal/reader-related data objects (tags and lengths) requested by the card to be transmitted in the GET PROCESSING OPTIONS command.;Card;binary;'A5';var.;var.;constructed;
9F38;Processing Options Data Object List (PDOL);List of terminal/reader-related data objects (tags and lengths) requested by the card to be transmitted in the GET PROCESSING OPTIONS command.;Card;binary;'A5';var.;var.;constructed;
9F38;Processing Options Data Object List (PDOL);List of terminal/reader-related data objects (tags and lengths) requested by the card to be transmitted in the GET PROCESSING OPTIONS command.;Card;binary;'A5';var.;var.;constructed;
9F39;Point-of-Service (POS) Entry Mode;Indicates the method by which the PAN was entered, according to the first two digits of the ISO 8583:1987 POS Entry Mode;Terminal;n 2;;1;1;constructed;
9F3A;Amount, Reference Currency;Authorised amount expressed in the reference currency;Terminal;binary;;4;4;constructed;
9F3B;Application Reference Currency;"1-4 currency codes used between the terminal and the ICC when the Transaction Currency Code is different from the Application Currency Code; each code is 3 digits according to ISO 4217";Card;n 3;'70' or '77';2;8;constructed;
9F3C;Transaction Reference Currency Code;Code defining the common currency used by the terminal in case the Transaction Currency Code is different from the Application Currency Code;Terminal;n 3;;2;2;constructed;
9F3D;Transaction Reference Currency Exponent;Indicates the implied position of the decimal point from the right of the transaction amount, with the Transaction Reference Currency Code represented according to ISO 4217;Terminal;n 1;;1;1;constructed;
9F40;Additional Terminal Capabilities;Indicates the data input and output capabilities of the Terminal and Reader. The Additional Terminal Capabilities is coded according to Annex A.3 of [EMV Book 4].;Terminal;binary;;5;5;primitive;
9F40;Additional Terminal Capabilities;Indicates the data input and output capabilities of the Terminal.;Terminal;binary;;5;5;primitive;
9F41;Transaction Sequence Counter;Counter maintained by the terminal that is incremented by one for each transaction;Terminal;n 4-8;;2;4;primitive;
9F42;Application Currency Code;Indicates the currency in which the account is managed according to ISO 4217;Card;n 3;'70' or '77';2;2;primitive;
9F42;Application Currency Code;Indicates the currency in which the account is managed according to ISO 4217;Card;n 3;'70' or '77';2;2;primitive;
9F42;Application Currency Code;Indicates the currency in which the account is managed according to ISO 4217;Card;n 3;'70' or '77';2;2;primitive;
9F43;Application Reference Currency Exponent;Indicates the implied position of the decimal point from the right of the amount, for each of the 1-4 reference currencies represented according to ISO 4217;Card;n 1;'70' or '77';1;4;primitive;
9F44;Application Currency Exponent;Indicates the implied position of the decimal point from the right of the amount represented according to ISO 4217;Card;n 1;'70' or '77';1;1;primitive;
9F45;Data Authentication Code;An issuer assigned value that is retained by the terminal during the verification process of the Signed Static Application Data;Card;binary;;2;2;primitive;
9F46;Integrated Circuit Card (ICC) Public Key Certificate;ICC Public Key certified by the issuer;Card;binary;'70' or '77';var. (NI);var. (NI);primitive;
9F46;Integrated Circuit Card (ICC) Public Key Certificate;ICC Public Key certified by the issuer;Card;binary;'70' or '77';var. (NI);var. (NI);primitive;
9F46;Application Public Key Certificate;Application Public Key Certificate used during CDA.;Card;binary;'70' or '77';var. up to 128;var. up to 128;primitive;
9F46;Integrated Circuit Card (ICC) Public Key Certificate;ICC Public Key certified by the issuer;Card;binary;'70' or '77';var. (NI);var. (NI);primitive;
9F47;Integrated Circuit Card (ICC) Public Key Exponent;Exponent ICC Public Key Exponent used for the verification of the Signed Dynamic Application Data;Card;binary;'70' or '77';1;3;primitive;
9F47;Integrated Circuit Card (ICC) Public Key Exponent;Exponent ICC Public Key Exponent used for the verification of the Signed Dynamic Application Data;Card;binary;'70' or '77';1;3;primitive;
9F47;Application Public Key Exponent;Exponent of Application Public Key;Card;binary;'70' or '77';1 or 3;1 or 3;primitive;
9F47;Integrated Circuit Card (ICC) Public Key Exponent;Exponent ICC Public Key Exponent used for the verification of the Signed Dynamic Application Data;Card;binary;'70' or '77';1;3;primitive;
9F48;Integrated Circuit Card (ICC) Public Key Remainder;Remaining digits of the ICC Public Key Modulus;Card;binary;'70' or '77';var. (NIC - NI + 42);var. (NIC - NI + 42);primitive;
9F48;Integrated Circuit Card (ICC) Public Key Remainder;Digits of the ICC Public Key Modulus which do not fit within the ICC Public Key Certificate.;Card;binary;'70' or '77';var. (NIC - NI + 42);var. (NIC - NI + 42);primitive;
9F48;Application Public Key Remainder;Remaining digits of Application Public Key.;Card;binary;'70' or '77';var.;var.;primitive;
9F48;Integrated Circuit Card (ICC) Public Key Remainder;Digits of the ICC Public Key Modulus which do not fit within the ICC Public Key Certificate.;Card;binary;'70' or '77';var. (NIC - NI + 42);var. (NIC - NI + 42);primitive;
9F49;Dynamic Data Authentication Data Object List (DDOL);List of data objects (tag and length) to be passed to the ICC in the INTERNAL AUTHENTICATE command;Card;binary;'70' or '77';0;252;primitive;
9F4A;Static Data Authentication Tag List (SDA);List of tags of primitive data objects defined in this specification whose value fields are to be included in the Signed Static or Dynamic Application Data;Card;-;'70' or '77';var.;var.;primitive;
9F4A;Static Data Authentication Tag List (SDA);Contains list of tags of primitive data objects whose value fields are to be included in the ICC Public Key Certificate hash result.;Card;-;'70' or '77';var.;var.;primitive;
9F4A;Static Data Authentication Tag List (SDA);List of tags of primitive data objects defined in this specification whose value fields are to be included in the Signed Static or Dynamic Application Data;Card;-;'70' or '77';var.;var.;primitive;
9F4A;Static Data Authentication Tag List (SDA);List of tags of primitive data objects defined in this specification whose value fields are to be included in the Signed Static or Dynamic Application Data;Card;-;'70' or '77';var.;var.;primitive;
9F4B;Signed Dynamic Application Data (SDAD);Digital signature on critical application parameters for CDA;Card;binary;'77' or '80';var. (NIC);var. (NIC);primitive;
9F4B;Signed Dynamic Application Data (SDAD);Dynamic signature generated by the card and validated by the reader during fDDA processing.;Card;binary;'77' or '80';var. (NIC);var. (NIC);primitive;
9F4B;Signed Dynamic Application Data (SDAD);Digital signature on critical application parameters for DDA or CDA;Card;binary;'77' or '80';var. (NIC);var. (NIC);primitive;
9F4C;ICC Dynamic Number;Time-variant number generated by the ICC, to be captured by the terminal;Card;binary;;2;8;primitive;
9F4D;Log Entry;Provides the SFI of the Transaction Log file and its number of records;Card;binary;'BF0C' or '73';2;2;primitive;
9F4D;Log Entry;Data element indicating the location (SFI) and the maximum number of transaction log records.;Card;binary;;2;2;primitive;
9F4E;Merchant Name and Location;Indicates the name and location of the merchant;Terminal;ans;;var.;var.;primitive;
9F4E;Merchant Name and Location;Indicates the name and location of the merchant. The reader shall return the value of the Merchant Name and Location when requested by the card in a Data Object List.;Terminal;ans;;var.;var.;primitive;
9F4E;Merchant Name and Location;Indicates the name and location of the merchant;Configuration (POS);ans;;var.;var.;primitive;
9F4F;Log Format;List (in tag and length format) of data objects representing the logged data elements that are passed to the terminal when a transaction log record is read;Card;binary;;var.;var.;primitive;
9F50;Offline Accumulator Balance;Represents the amount of offline spending available in the Card. The Offline Accumulator Balance is retrievable by the GET DATA command, if allowed by the Card configuration.;;n 12;;6;6;;
9F50;Cardholder Verification Status;Indicates the CVM choice (already done or to be subsequently applied) for the transaction. Choice is made dynamically by card based on transaction context and card risk management configuration.;Card;binary;;1;1;;
9F51;Application Currency Code;;Card;binary;;var.;var.;;
9F51;DRDOL;A data object in the Card that provides the Kernel with a list of data objects that must be passed to the Card in the data field of the RECOVER AC command.;Card;binary;;var.;var.;;
9F52;Application Default Action (ADA);;Card;binary;;var.;var.;;
9F52;Terminal Compatibility Indicator;Indicates to the card the transaction modes (EMV, Magstripe) supported by the Kernel;Kernel 5;binary;;1;1;;
9F53;Consecutive Transaction Counter International Limit (CTCIL);;Card;binary;;var.;var.;;
9F53;Transaction Category Code;This is a data object defined by MasterCard which indicates the type of transaction being performed, and which may be used in card risk management.;Card;an;;1;1;;
9F53;Terminal Interchange Profile (dynamic);Defines the reader CVM requirement and capabilities, as well as other reader capabilities (online capability, contact EMV capability) for the Transaction;Kernel 5;binary;;3;3;;
9F54;Cumulative Total Transaction Amount Limit (CTTAL);;Card;binary;;var.;var.;;
9F54;DS ODS Card;Contains the Card stored operator proprietary data obtained in the response to the GET PROCESSING OPTIONS command.;Card;binary;;0;160;;
9F55;Geographic Indicator;;Card;H;;;;;
9F55;Issuer Authentication Flags;;Card;binary;;1;1;;40
9F55;Issuer Authentication Flags;;Card;binary;;1;1;;40
9F55;Issuer Authentication Flags;;Card;binary;;1;1;;40
9F56;Issuer Authentication Indicator;;Card;H;;;;;
9F56;Issuer Proprietary Bitmap;;Card;binary;;var.;var.;;00 00 7F FF FF 00 00 00 00 00 00 00 00 00 00 20 80 00
9F56;Issuer Proprietary Bitmap;;Card;binary;;var.;var.;;00 00 7F FF FF 00 00 00 00 00 00 00 00 00 00 20 80 00
9F56;Issuer Proprietary Bitmap;;Card;binary;;var.;var.;;00 00 7F FF FF 00 00 00 00 00 00 00 00 00 00 20 80 00
9F57;Issuer Country Code;;Card;binary;;var.;var.;;
9F58;Consecutive Transaction Counter Limit (CTCL);;Card;binary;;var.;var.;;
9F59;Consecutive Transaction Counter Upper Limit (CTCUL);;Card;binary;;var.;var.;;
9F5A;Application Program Identifier (Program ID);Payment system proprietary data element identifying the Application Program ID of the card application. When personalised, the Application Program ID is returned in the FCI Issuer Discretionary Data of the SELECT response (Tag BF0C'). EMV mode readers that support Dynamic Reader Limits (DRL) functionality examine the Application Program ID to determine the Reader Limit Set to apply.;Card;binary;;1;16;;
9F5A;Application Program Identifier (Program ID);Proprietary data element used by the device during Dynamic Reader Limit processing to determine the Reader Limit Set to apply for the transaction. EMV mode readers that support Dynamic Reader Limits (DRL) functionality support four or more Application Program Identifiers, each corresponding to a Reader Limit Set.;Terminal;binary;;1;16;;
9F5B;Issuer Script Results;Indicates the results of Issuer Script processing. When the reader/terminal transmits this data element to the acquirer, in this version of Kernel 3, it is acceptable that only byte 1 is transmitted, although it is preferable for all five bytes to be transmitted.;Terminal;binary;;var.;var.;;
9F5B;DSDOL;A data object in the Card that provides the Kernel with a list of data objects that must be passed to the Card in the data field of the GENERATE AC command after the CDOL1 Related Data. An example of value for DSDOL is 'DF6008DF6108DF6201DF63A0', representing TLDS Input (Card) TLDS Digest H TLDS ODS Info TLDS ODS Term. The Kernel must not presume that this is a given though, as the sequence and presence of data objects can vary. The presence of TL DS ODS Info is mandated and the processing of the last TL entry in DSDOL is different from normal TL processing as described in section 4.1.4.;Terminal;binary;;var.;var.;;
9F5C;Cumulative Total Transaction Amount Upper Limit (CTTAUL);Visa proprietary data element specifying the maximum total amount of offline transactions in the designated currency or designated and secondary currency allowed for the card application before a transaction is declined after an online transaction is unable to be performed.;Card;n 12;;6;6;;
9F5C;DS Requested Operator ID;Contains the Terminal determined operator identifier for data storage. It is sent to the Card in the GET PROCESSING OPTIONS command.;Card;binary;;8;8;;
9F5C;Magstripe Data Object List (MDOL);List of data objects (tag and length) to be passed to the card in the GET MAGSTRIPE DATA command.;Card;binary;;var. up to 252;var. up to 252;;
9F5D;Available Offline Spending Amount (AOSA);Kernel 3 proprietary data element indicating the remaining amount available to be spent offline. The AOSA is a calculated field used to allow the reader to print or display the amount of offline spend that is available on the card.;Card;n 12;;6;6;;
9F5D;Application Capabilities Information (ACI);Lists a number of card features beyond regular payment.;Card;binary;;3;3;;
9F5E;Consecutive Transaction International Upper Limit (CTIUL);;Card;binary;;var.;var.;;
9F5E;DS ID;Data Storage Identifier constructed as follows: Application PAN (without any 'F' padding) Application PAN Sequence Number If necessary, it is padded to the left with one hexadecimal zero to ensure whole bytes. If necessary, it is padded to the left with hexadecimal zeroes to ensure a minimum length of 8 bytes.;Card;n 16-22;;8;11;;
9F5F;DS Slot Availability;Contains the Card indication, obtained in the response to the GET PROCESSING OPTIONS command, about the slot type(s) available for data storage.;Card;binary;;1;1;;
9F5F;Offline Balance;In the case of a prepaid card, represents the value stored in card. May be returned in the GENERATE AC response.;Card;n 12;;6;6;;
9F60;CVC3 (Track1);The CVC3 (Track1) is a 2-byte cryptogram returned by the Card in the response to the COMPUTE CRYPTOGRAPHIC CHECKSUM command.;Card;binary;;2;2;;
9F60;Issuer Update Parameter;Parameter from the ICC to indicate the behaviour/ergonomics (e.g. present-and-hold or two presentments or none) for processing the results of the online authorisation request.;Card;binary;;1;1;;
9F60;P3 Generated 3DES KEYS;;Card;H;;;;;
9F61;CVC3 (Track2);The CVC3 (Track2) is a 2-byte cryptogram returned by the Card in the response to the COMPUTE CRYPTOGRAPHIC CHECKSUM command.;Card;binary;;2;2;;
9F62;PCVC3 (Track1);PCVC3(Track1) indicates to the Kernel the positions in the discretionary data field of the Track 1 Data where the CVC3 (Track1) digits must be copied.;;binary;;6;6;;
9F62;Encrypted PIN - ISO 95641 Format 0 (Thales P3 Format 01);;Card;H;;;;;
9F63;Offline Counter Initial Value;;Card;binary;;var.;var.;;
9F63;PUNATC (Track1);PUNATC(Track1) indicates to the Kernel the positions in the discretionary data field of Track 1 Data where the Unpredictable Number (Numeric) digits and Application Transaction Counter digits have to be copied.;;binary;;6;6;;
9F64;NATC (Track1);The value of NATC(Track1) represents the number of digits of the Application Transaction Counter to be included in the discretionary data field of Track 1 Data.;Card;binary;;1;1;;
9F65;PCVC3 (Track2);PCVC3(Track2) indicates to the Kernel the positions in the discretionary data field of the Track 2 Data where the CVC3 (Track2) digits must be copied.;;binary;;2;2;;
9F66;Terminal Transaction Qualifiers (TTQ);Indicates reader capabilities, requirements, and preferences to the card. TTQ byte 2 bits 8-7 are transient values, and reset to zero at the beginning of the transaction. All other TTQ bits are static values, and not modified based on transaction conditions. TTQ byte 3 bit 7 shall be set by the acquirer-merchant to 1b.;Terminal;binary 32;;4;4;;
9F66;PUNATC (Track2);PUNATC(Track2) indicates to the Kernel the positions in the discretionary data field of Track 2 Data where the Unpredictable Number (Numeric) digits and Application Transaction Counter digits have to be copied.;;binary;;2;2;;
9F67;MSD Offset;;Card;binary;;var.;var.;;
9F67;NATC (Track2);The value of NATC(Track2) represents the number of digits of the Application Transaction Counter to be included in the discretionary data field of Track 2 Data.;Card;binary;;1;1;;
9F68;Card Additional Processes;;Card;binary;;var.;var.;;
9F69;Card Authentication Related Data;Contains the fDDA Version Number, Card Unpredictable Number, and Card Transaction Qualifiers. For transactions where fDDA is performed, the Card Authentication Related Data is returned in the last record specified by the Application File Locator for that transaction.;Card;binary;;5;16;;
9F69;UDOL;The UDOL is the DOL that specifies the data objects to be included in the data field of the COMPUTE CRYPTOGRAPHIC CHECKSUM command. The UDOL must at least include the Unpredictable Number (Numeric). The UDOL is not mandatory for the Card. If it is not present in the Card, then the Default UDOL is used.;Card;binary;;var.;var.;;
9F6A;Unpredictable Number (Numeric);Unpredictable number generated by the Kernel during a mag-stripe mode transaction. The Unpredictable Number (Numeric) is passed to the Card in the data field of the COMPUTE CRYPTOGRAPHIC CHECKSUM command.;Card;n 8;;4;4;;
;;The 8-nUN most significant digits must be set to zero.;;;;;;;
9F6B;Card CVM Limit;;Card;binary;;var.;var.;;
9F6B;Track 2 Data;Track 2 Data contains the data objects of the track 2 according to [ISO/IEC 7813], excluding start sentinel, end sentinel and LRC. The Track 2 Data is present in the file read using the READ RECORD command during a mag-stripe mode transaction.;Card;binary;;0;19;;
9F6C;Card Transaction Qualifiers (CTQ);In this version of the specification, used to indicate to the device the card CVM requirements, issuer preferences, and card capabilities.;Card;binary 16;;2;2;;
9F6D;VLP Reset Threshold;;Card;binary;;var.;var.;;
9F6D;Mag-stripe Application Version Number (Reader);Version number assigned by the payment system for the specific mag-stripe mode functionality of the Kernel.;Card;binary;;2;2;;
9F6D;Kernel 4 Reader Capabilities;A proprietary data element with bits 8, 7, and 4 only used to indicate a terminal's capability to support Kernel 4 mag-stripe or EMV contactless. This data element is OR'd with Terminal Type, Tag '9F35', resulting in a modified Tag '9F35', which is passed to the card when requested.;Terminal;n 2;;1;1;;
9F6E;Third Party Data;The Third Party Data contains various information, possibly including information from a third party. If present in the Card, the Third Party Data must be returned in a file read using the READ RECORD command or in the File Control Information Template. 'Device Type' is present when the most significant bit of byte 1 of 'Unique Identifier' is set to 0b. In this case, the maximum length of 'Proprietary Data' is 26 bytes. Otherwise it is 28 bytes.;Card;binary;;5;32;;
9F6E;Form Factor Indicator (qVSDC);Indicates the form factor of the consumer payment device and the type of contactless interface over which the transaction was conducted. This information is made available to the issuer host.;Card/Terminal;binary 32;;4;4;;
9F6E;Form Factor Indicator (FFI);Indicates the form factor of the consumer payment device and the type of contactless interface over which the transaction was conducted. This information is made available to the issuer host.;Card/Terminal;binary 32;;4;4;;
9F6F;DS Slot Management Control;Contains the Card indication, obtained in the response to the GET PROCESSING OPTIONS command, about the status of the slot containing data associated to the DS Requested Operator ID.;Card;binary;;1;1;;
9F70;Protected Data Envelope 1;The Protected Data Envelopes contain proprietary information from the issuer, payment system or third party. The Protected Data Envelope can be retrieved with the GET DATA command. Updating the Protected Data Envelope with the PUT DATA command requires secure messaging and is outside the scope of this specification.;;binary;;0;192;;
9F70;Card Interface Capabilities;Data element indicating other interfaces supported by the device.;Card;binary 16;;2;2;;
9F71;Protected Data Envelope 2;Same as Protected Data Envelope 1.;;binary;;0;192;;
9F71;Mobile CVM Results;Proprietary data element returned from the Card in the GET PROCESSING OPTIONS response, indicating the status of Mobile CVM entry.;Card;binary 32;;4;4;;
9F72;Protected Data Envelope 3;Same as Protected Data Envelope 1.;;binary;;0;192;;
9F72;Consecutive Transaction Limit (InternationalCountry);Visa proprietary data element specifying the maximum number of the consecutive offline international (those not in the country of issue) transactions allowed for that card application before a transaction goes online.;Card;binary;;1;1;;
9F73;Protected Data Envelope 4;Same as Protected Data Envelope 1.;;binary;;0;192;;
9F73;Currency Conversion Parameters;A decimal value used in a conversion algorithm to convert the Secondary Application Currency Code to the card's domestic (Application Currency Code). Issuer Script may be used to modify this data element.;Card;n 8;;4;4;;
9F74;Protected Data Envelope 5;Same as Protected Data Envelope 1.;;binary;;0;192;;
9F74;VLP Issuer Authorisation Code;A Visa proprietary data element containing a code indicating that the transaction was an approved VLP transaction. If present indicates offline approval from card.;Card;a 6;;6;6;;
9F75;Unprotected Data Envelope 1;The Unprotected Data Envelopes contain proprietary information from the issuer, payment system or third party. Unprotected Data Envelopes can be retrieved with the GET DATA command and can be updated with the PUT DATA (CLA='80') command without secure messaging.;Card;binary;;0;192;;
9F75;Cumulative Total Transaction Amount Limit-Dual Currency;Visa proprietary data element specifying the upper limit of the total amount of offline domestic transactions in the designated currency (Application Currency Code) and a secondary currency (Secondary Application Currency Code) allowed for that card application before a transaction is forced to go online. This limit is in the designated currency.;Card;n 12;;6;6;;
9F76;Unprotected Data Envelope 2;Same as Unprotected Data Envelope 1.;Card;binary;;0;192;;
9F76;Secondary Application Currency Code;Indicates a secondary currency to be converted to the designated currency in which the account is managed (Application Currency Code) according to ISO 4217.;Card;n 3;;2;2;;
9F77;Unprotected Data Envelope 3;Same as Unprotected Data Envelope 1.;Card;binary;;0;192;;
9F78;Unprotected Data Envelope 4;Same as Unprotected Data Envelope 1.;Card;binary;;0;192;;
9F79;Unprotected Data Envelope 5;Same as Unprotected Data Envelope 1.;Card;binary;;0;192;;
9F77;VLP Funds Limit;A Visa proprietary data element, Issuer Limit for VLP available funds, is used to reset VLP Available Funds after an online approved transaction.;Card;binary;;var.;var.;;
9F78;VLP Single Transaction Limit;A Visa proprietary data element indicating the maximum amount allowed for single VLP transaction;Card;binary;;var.;var.;;
9F79;VLP Available Funds;A counter that is decremented by the Amount Authorized when a VLP transaction is approved.;Card;binary;;var.;var.;;
9F7A;VLP Terminal Support Indicator;If present indicates offline and/or online support. If absent indicates online only support;Terminal;n 1;;1;1;;
9F7B;VLP Terminal Transaction Limit;;Terminal;H;;;;;
9F7C;Customer Exclusive Data (CED);Contains data for transmission to the issuer.;Card;binary;;var. up to 32;var. up to 32;;
9F7C;Merchant Custom Data;Proprietary merchant data that may be requested by the Card.;Card;binary;;20;20;;
9F7D;DS Summary 1;Contains the Card indication, obtained in the response to the GET PROCESSING OPTIONS command, about either the stored summary associated with DS ODS Card if present, or about a default zero-filled summary if DS ODS Card is not present and DS Unpredictable Number is present.;Card;binary;;8;16;;
9F7D;VISA Applet Data;;Card;H;;;;;
9F7E;Mobile Support Indicator;The Mobile Support Indicator informs the Card that the Kernel supports extensions for mobile and requires on device cardholder verification.;Card;binary;;1;1;;
9F7E;Application life cycle data (8 first bytes);;Card;H;;;;;
9F7F;DS Unpredictable Number;Contains the Card challenge (random), obtained in the response to the GET PROCESSING OPTIONS command, to be used by the Terminal in the summary calculation when providing DS ODS Term.;Card;binary;;4;4;;
9F7F;Card Production Life Cycle (CPLC) Data;;Card;H;;;;;
A5;File Control Information (FCI) Proprietary Template;Identifies the data object proprietary to this specification in the FCI template according to ISO/IEC 7816-4;Card;variable;'6F';var.;var.;constructed;
A5;File Control Information (FCI) Proprietary Template;Identifies the data object proprietary to this specification in the FCI template according to ISO/IEC 7816-4;Card;variable;'6F';var.;var.;constructed;
A5;File Control Information (FCI) Proprietary Template;Identifies the data object proprietary to this specification in the FCI template according to ISO/IEC 7816-4;Card;variable;'6F';var.;var.;constructed;
BF0C;File Control Information (FCI) Issuer Discretionary Data;Issuer discretionary part of the File Control Information Proprietary Template.;Card;variable;'A5';0;222;primitive;
BF0C;File Control Information (FCI) Issuer Discretionary Data;Issuer discretionary part of the File Control Information Proprietary Template.;Card;variable;'A5';0;222;primitive;
BF0C;File Control Information (FCI) Issuer Discretionary Data;Issuer discretionary part of the File Control Information Proprietary Template.;Card;variable;'A5';0;222;primitive;
BF50;Visa Fleet - CDO;;Card;H;;;;;
BF60;Integrated Data Storage Record Update Template;Part of the command data for the EXTENDED GET PROCESSING OPTIONS command. The IDS Record Update Template contains data to be updated in one or more IDS Records.;Data Exchange;binary;;var.;var.;;
C3;Card issuer action code -decline;;Card;H;;;;;
C4;Card issuer action code -default;;Card;H;;;;;
C5;Card issuer action code online;;Card;H;;;;;
C6;PIN Try Limit;;Card;H;;;;;
C7;CDOL 1 Related Data Length;;Card;H;;;;;
C8;Card risk management country code;;Card;H;;;;;
C9;Card risk management currency code;;Card;H;;;;;
CA;Lower cummulative offline transaction amount;;Card;H;;;;;
CB;Upper cumulative offline transaction amount;;Card;H;;;;;
CD;Card Issuer Action Code (PayPass) - Default;;Card;H;;3;3;;5800
CE;Card Issuer Action Code (PayPass) - Online;;Card;H;;3;3;;00F800
CF;Card Issuer Action Code (PayPass) - Decline;;Card;H;;3;3;;80800
D1;Currency conversion table;;Card;H;;;;;
D2;Integrated Data Storage Directory (IDSD);Directory of Integrated Data Storage records on the card.;Card;binary;;var.;var.;;
D3;Additional check table;;Card;H;;;;;
D5;Application Control;;Card;H;;;;;
D6;Default ARPC response code;;Card;H;;;;;
D7;Application Control (PayPass);;Card;H;;3;3;;80
D8;AIP (PayPass);;Card;H;;2;2;;
D9;AFL (PayPass);;Card;H;;12;16;;
DA;Static CVC3-TRACK1;;Card;H;;2;2;;0
DB;Static CVC3-TRACK2;;Card;H;;2;2;;0
DC;IVCVC3-TRACK1;;Card;H;;2;2;;0
DD;IVCVC3-TRACK2;;Card;H;;2;2;;0
DF01;Encrypted PIN Block in Tag 9F62 - ISO 95641 Format 0;;Card;H;;;;;
DF02;PEK Version Number;;Card;H;;;;;
DF03;PIN Try Limit;;Card;H;;;;;
DF04;PIN Try Counter (VSDC Application);;Card;H;;;;;
DF05;AIP - For VISA Contactless;;Card;H;;;;;
DF06;Products permitted;;Card;H;;;;;
DF07;Offline checks mandated;;Card;H;;;;;
DF08;UDKmac;;Card;H;;;;;
DF09;UDKenc;;Card;H;;;;;
DF0B;Retries Permitted Limit;;Card;H;;;;;
DF0C;Script Message Update;;Card;H;;;;;
DF0D;Fleet Issuer Action Code - Default;;Card;H;;;;;
DF0E;Fleet Issuer Action Code - Denial;;Card;H;;;;;
DF0F;Fleet Issuer Action Code - Online;;Card;H;;;;;
DF12;Vehicle Registration Number;;Card;A;;;;;
DF13;DDA Public Modulus;;Card;H;;;;;
DF14;Driver Name;;Card;A;;;;;
DF15;Driver ID;;Card;A;;;;;
DF16;Max Fill Volume;;Card;H;;;;;
DF17;DDA Public Modulus Length;;Card;H;;;;;
DF18;Mileage;;Card;H;;;;;
DF20;Issuer Proprietary Bitmap (IPB);;Card;H;;;;;
DF21;Internet Authentication Flag (IAF);;Card;H;;;;;
DF22;Encrypted PEK - RFU;;Card;H;;;;;
DF23;PEK Key Check Value - RFU;;Card;H;;;;;
DF24;MDK - Key derivation Index;;Card;H;;;;;
DF25;VISA DPA - MDK - Key derivation Index;;Card;H;;;;;
DF26;Encrypted PIN Block - ISO 9564-1 Format 1 PIN Block (Thales P3 Format 05);;Card;H;;;;;
DF40;qVSDC AIP;;Card;H;;;;;
DF41;VSDC AIP;;Card;H;;;;;
DF42;UDKac;;Card;H;;;;;
DF43;UDKmac;;Card;H;;;;;
DF44;UDKenc;;Card;H;;;;;
DF47;UDKcvc;;Card;H;;;;;
DF48;UDKac KCV;;Card;H;;;;;
DF49;UDKmac KCV;;Card;H;;;;;
DF4A;UDKenc KCV;;Card;H;;;;;
DF4B;UDKcvc KCV;;Card;H;;;;;
DF4B;POS Cardholder Interaction Information;The POS Cardholder Interaction Information informs the Kernel about the indicators set in the mobile phone that may influence the action flow of the merchant and cardholder.;;binary;;3;3;;
DF51;Grand Parent AC;;Card;H;;;;;
DF52;Parent AC;;Card;H;;;;;
DF53;Grand Parent MAC;;Card;H;;;;;
DF54;Parent MAC;;Card;H;;;;;
DF55;Grand Parent ENC;;Card;H;;;;;
DF56;Parent ENC/Terminal Action Code - Default;;Card/Terminal;H;;;;;
DF57;Terminal Action Code - Decline;;Terminal;H;;;;;
DF60;DS Input (Card);Contains Terminal provided data if permanent data storage in the Card was applicable (DS Slot Management Control[8]=1b), remains applicable, or becomes applicable (DS ODS Info[8]=1b). Otherwise this data item is a filler to be supplied by the Kernel. The data is forwarded to the Card with the GENERATE AC command, as per DSDOL formatting.;Card;binary;;8;8;;
DF60;DDA Component P;;Card;H;;;;;
DF61;DDA Component Q;;Card;H;;;;;
DF61;DS Digest H;Contains the result of OWHF2(DS Input (Term)) or OWHF2AES(DS Input (Term)), if DS Input (Term) is provided by the Terminal. This data object is to be supplied to the Card with the GENERATE AC command, as per DSDOL formatting.;Card;binary;;8;8;;
DF62;DS ODS Info;Contains Terminal provided data to be forwarded to the Card with the GENERATE AC command, as per DSDOL formatting.;Card;binary;;1;1;;
DF62;DDA Component D1;;Card;H;;;;;
DF63;DDA Component D2;;Card;H;;;;;
DF63;DS ODS Term;Contains Terminal provided data to be forwarded to the Card with the GENERATE AC command, as per DSDOL formatting.;Card;binary;;0;160;;
DF64;DDA Component Q Minus 1 Mod P;;Card;H;;;;;
DF65;DDA Private Exponent;;Card;H;;;;;
DF6B;Paypass Contactless;;Card;H;;;;;
DF79;Dynamic Data Authentication Keys;;Card;H;;;;;
DF8101;DS Summary 2;This data allows the Kernel to check the consistency between DS Summary 1 and DS Summary 2, and so to ensure that DS ODS Card is provided by a genuine Card. It is located in the ICC Dynamic Data recovered from the Signed Dynamic Application Data.;Card;binary;;8;16;;
DF8102;DS Summary 3;This data allows the Kernel to check whether the Card has seen the same transaction data as were sent by the Terminal/Kernel. It is located in the ICC Dynamic Data recovered from the Signed Dynamic Application Data.;Card;binary;;8;16;;
DF8104;Balance Read Before Gen AC;The presence of Balance Read Before Gen AC in the TLV Database is an indication to the Kernel to read the offline balance from the Card before the GENERATE AC command. The Kernel stores the offline balance read from the Card in Balance Read Before Gen AC.;;n 12;;6;6;;
DF8105;Balance Read After Gen AC;The presence of Balance Read After Gen AC in the TLV Database is an indication to the Kernel to read the offline balance from the Card after the GENERATE AC command. The Kernel stores the offline balance read from the Card in Balance Read After Gen AC.;;n 12;;6;6;;
DF8106;Data Needed;List of tags included in the DEK signal to request information from the Terminal.;Card;binary;;var.;var.;;
DF8107;CDOL1 Related Data;Command data field of the GENERATE AC command, coded according to CDOL1.;Card;binary;;var.;var.;;
DF8108;DS AC Type;Contains the AC type indicated by the Terminal for which IDS data must be stored in the Card.;Card;binary;;1;1;;
DF8109;DS Input (Term);Contains Terminal provided data if permanent data storage in the Card was applicable (DS Slot Management Control[8]=1b), remains applicable or becomes applicable (DS ODS Info[8]=1b). DS Input (Term) is used by the Kernel as input to calculate DS Digest H.;Card;binary;;8;8;;
DF810A;DS ODS Info For Reader;Contains instructions from the Terminal on how to proceed with the transaction if:;Card;binary;;1;1;;
;;- The AC requested by the Terminal does not match the AC proposed by the Kernel;;;;;;;
;;- The update of the slot data has failed;;;;;;;
DF810B;DS Summary Status;Information reported by the Kernel to the Terminal about:;Card;binary;;1;1;;
;;- The consistency between DS Summary 1 and DS Summary 2 (successful read);;;;;;;
;;- The difference between DS Summary 2 and DS Summary 3 (successful write);;;;;;;
;;This data object is part of the Discretionary Data.;;;;;;;
DF810C;Kernel ID;Contains a value that uniquely identifies each Kernel. There is one occurrence of this data object for each Kernel in the Reader.;;binary;;1;1;;
DF810D;DSVN Term;Integrated data storage support by the Kernel depends on the presence of this data object. If it is absent, or is present with a length of zero, integrated data storage is not supported. Its value is '02' for this version of data storage functionality. This variable length data item has an initial byte that defines the maximum version number supported by the Terminal and a variable number of subsequent bytes that define how the Terminal supports earlier versions of the specification. As this is the first version, no legacy support is described and no additional bytes are present.;Card;binary;;var.;var.;;
DF810E;Post-Gen AC Put Data Status;Information reported by the Kernel to the Terminal, about the processing of PUT DATA commands after processing the GENERATE AC command. Possible values are 'completed' or 'not completed'. In the latter case, this status is not specific about which of the PUT DATA commands failed, or about how many of these commands have failed or succeeded. This data object is part of the Discretionary Data provided by the Kernel to the Terminal.;;binary;;1;1;;
DF810F;Pre-Gen AC Put Data Status;Information reported by the Kernel to the Terminal, about the processing of PUT DATA commands before sending the GENERATE AC command. Possible values are 'completed' or 'not completed'. In the latter case, this status is not specific about which of the PUT DATA commands failed, or about how many of these commands have failed or succeeded. This data object is part of the Discretionary Data provided by the Kernel to the Terminal.;;binary;;1;1;;
DF8110;Proceed To First Write Flag;Indicates that the Terminal will send no more requests to read data other than as indicated in Tags To Read. This data item indicates the point at which the Kernel shifts from the Card reading phase to the Card writing phase. ;;binary;;1;1;;
;;If Proceed To First Write Flag is not present or is present with non zero length and value different from zero, then the Kernel proceeds without waiting. ;;;;;;;
;;If Proceed To First Write Flag is present with zero length, then the Kernel sends a DEK signal to the Terminal and waits for the DET signal. ;;;;;;;
;;If Proceed To First Write Flag is present with non zero length and value equal to zero, then the Kernel waits for a DET signal from the Terminal without sending a DEK signal.;;;;;;;
DF8111;PDOL Related Data;Command data field of the GET PROCESSING OPTIONS command, coded according to PDOL.;;binary;;var.;var.;;
DF8112;Tags To Read;List of tags indicating the data the Terminal has requested to be read. This data item is present if the Terminal wants any data back from the Card before the Data Record. This could be in the context of SDS, or for non data storage usage reasons, for example the PAN. This data item may contain configured data.;;binary;;var.;var.;;
;;This data object may be provided several times by the Terminal. Therefore, the values of each of these tags must be accumulated in the Tags To Read Yet buffer.;;;;;;;
DF8113;DRDOL Related Data;Command data field of the RECOVER AC command, coded according to DRDOL.;Card;binary;;var.;var.;;
DF8114;Reference Control Parameter;Working variable to store the reference control parameter of the GENERATE AC command.;;binary;;1;1;;
DF8115;Error Indication;Contains information regarding the nature of the error that has been encountered during the transaction processing. This data object is part of the Discretionary Data.;Card;binary;;6;6;;
DF8116;User Interface Request Data;Combines all parameters to be sent with the MSG signal.;;binary;;22;22;;
DF8117;Card Data Input Capability;Indicates the card data input capability of the Terminal and Reader. The Card Data Input Capability is coded according to Annex A.2 of [EMV Book 4].;Card;binary;;1;1;;
DF8118;CVM Capability - CVM Required;Indicates the CVM capability of the Terminal and Reader when the transaction amount is greater than the Reader CVM Required Limit. The CVM Capability - CVM Required is coded according to Annex A.2 of [EMV Book 4].;Card;binary;;1;1;;
DF8119;CVM Capability - No CVM Required;Indicates the CVM capability of the Terminal and Reader when the transaction amount is less than or equal to the Reader CVM Required Limit. The CVM Capability - No CVM Required is coded according to Annex A.2 of [EMV Book 4].;Card;binary;;1;1;;
DF811A;Default UDOL;The Default UDOL is the UDOL to be used for constructing the value field of the COMPUTE CRYPTOGRAPHIC CHECKSUM command if the UDOL in the Card is not present. The Default UDOL must contain as its only entry the tag and length of the Unpredictable Number (Numeric) and has the value: '9F6A04'.;Card;binary;;3;3;;
DF811B;Kernel Configuration;Indicates the Kernel configuration options.;;binary;;1;1;;
DF811C;Max Lifetime of Torn Transaction Log Record;Maximum time, in seconds, that a record can remain in the Torn Transaction Log.;;binary;;2;2;;
DF811D;Max Number of Torn Transaction Log Records;Indicates the maximum number of records that can be stored in the Torn Transaction Log.;;binary;;1;1;;
DF811E;Mag-stripe CVM Capability - CVM Required;Indicates the CVM capability of the Terminal/Reader in the case of a mag-stripe mode transaction when the Amount, Authorized (Numeric) is greater than the Reader CVM Required Limit.;;binary;;1;1;;
DF811F;Security Capability;Indicates the security capability of the Kernel. The Security Capability is coded according to Annex A.2 of [EMV Book 4].;;binary;;1;1;;
DF8120;Terminal Action Code - Default;Specifies the acquirer's conditions that cause a transaction to be rejected on an offline only Terminal.;;binary;;5;5;;
DF8121;Terminal Action Code - Denial;Specifies the acquirer's conditions that cause the denial of a transaction without attempting to go online.;;binary;;5;5;;
DF8122;Terminal Action Code - Online;Specifies the acquirer's conditions that cause a transaction to be transmitted online on an online capable Terminal.;;binary;;5;5;;
DF8123;Reader Contactless Floor Limit;Indicates the transaction amount above which transactions must be authorized online.;;n 12;;6;6;;
DF8124;Reader Contactless Transaction Limit (No On-device CVM);Indicates the transaction amount above which the transaction is not allowed, when on device cardholder verification is not supported.;;n 12;;6;6;;
DF8125;Reader Contactless Transaction Limit (On-device CVM);Indicates the transaction amount above which the transaction is not allowed, when on device cardholder verification is supported.;;n 12;;6;6;;
DF8126;Reader CVM Required Limit;Indicates the transaction amount above which the Kernel instantiates the CVM capabilities field in Terminal Capabilities with CVM Capability - CVM Required.;;n 12;;6;6;;
DF8127;Time Out Value;Defines the time in ms before the timer generates a TIMEOUT signal.;;binary;;2;2;;
DF8128;IDS Status;Indicates if the transaction performs an IDS read and/or write.;;binary;;1;1;;
DF8129;Outcome Parameter Set;This data object is used to indicate to the Terminal the outcome of the transaction processing by the Kernel. Its value is an accumulation of results about applicable parts of the transaction.;;binary;;8;8;;
DF812A;DD Card (Track1);If Track 1 Data is present, then DD Card (Track1) contains a copy of the discretionary data field of Track 1 Data as returned by the Card in the file read using the READ RECORD command during a mag-stripe mode transaction (i.e. without Unpredictable Number (Numeric), Application Transaction Counter, CVC3 (Track1) and nUN included).;Card;ans;;0;56;;
DF812B;DD Card (Track2);DD Card (Track2) contains a copy of the discretionary data field of Track 2 Data as returned by the Card in the file read using the READ RECORD command during a mag-stripe mode transaction (i.e. without Unpredictable Number (Numeric), Application Transaction Counter, CVC3 (Track2) and nUN included).;Card;cn;;0;8;;
DF812C;Mag-stripe CVM Capability - No CVM Required;Indicates the CVM capability of the Terminal/Reader in the case of a mag-stripe mode transaction when the Amount, Authorized (Numeric) is less than or equal to the Reader CVM Required Limit.;Card;binary;;1;1;;
DF812D;Message Hold Time;Indicates the default delay for the processing of the next MSG signal. The Message Hold Time is an integer in units of 100ms.;;n 6;;3;3;;
DF8130;Hold Time Value;Indicates the time that the field is to be turned off after the transaction is completed if requested to do so by the cardholder device. The Hold Time Value is in units of 100ms.;;binary;;1;1;;
DF8131;Phone Message Table;The Phone Message Table is a variable length list of entries of eight bytes each, and defines for the selected AID the message and status identifiers as a function of the POS Cardholder Interaction Information. Each entry in the Phone Message Table contains the fields shown in the table below.;;binary;;var.;var.;;
;;Note that the last entry in the Phone Message Table must always have PCII Mask and PCII Value set to '000000'.;;;;;;;
FF60;Visa International;;Card;H;;;;;
FF62;Visa Magnetic Stripe;;Card;H;;;;;
FF63;Visa Quick VSDC;;Card;H;;;;;
FF8101;Torn Record;A copy of a record from the Torn Transaction Log that is expired. Torn Record is sent to the Terminal as part of the Discretionary Data.;;binary;;var.;var.;;
FF8102;Tags To Write Before Gen AC;List of data objects indicating the Terminal data writing requests to be sent to the Card before processing the GENERATE AC command or the RECOVER AC command. This data object may be provided several times by the Terminal in a DET signal. Therefore, these values must be accumulated in Tags To Write Yet Before Gen AC buffer.;;binary;;var.;var.;;
FF8103;Tags To Write After Gen AC;Contains the Terminal data writing requests to be sent to the Card after processing the GENERATE AC command or the RECOVER AC command. The value of this data object is composed of a series of TLVs. This data object may be provided several times by the Terminal in a DET signal. Therefore, these values must be accumulated in Tags To Write Yet After Gen AC.;;binary;;var.;var.;;
FF8104;Data To Send;List of data objects that contains the accumulated data sent by the Kernel to the Terminal in a DEK signal. These data may correspond to Terminal reading requests, obtained from the Card by means of GET DATA or READ RECORD commands, or may correspond to data that the Kernel posts to the Terminal as part of its own processing.;Card;binary;;var.;var.;;
FF8105;Data Record;The Data Record is a list of TLV encoded data objects returned with the Outcome Parameter Set on the completion of transaction processing.;Card;binary;;var.;var.;;
FF8106;Discretionary Data;The Discretionary Data is a list of Kernel-specific data objects sent to the Terminal as a separate field in the OUT signal.;Card;binary;;var.;var.;;